source,title,agency,opportunity_number,close_date,url,score,date_found
Grants.gov,Ruth L. Kirschstein National Research Service Award (NRSA) Individual Fellowship for Students at Institutions Without NIH-Funded Institutional Predoctoral Dual-Degree Training Programs (Parent F30),National Institutes of Health,PA-25-425,05/07/2028,https://www.grants.gov/search-results-detail/358831,12,2026-04-30
Grants.gov,Merit Switzer Research Fellowships for Doctoral Dissertation Research,Administration for Community Living,HHS-2026-ACL-NIDILRR-SFGE-0210,,https://www.grants.gov/search-results-detail/360501,12,2026-04-30
Grants.gov,For Funding Opportunity for Maximizing the Scientific Value of Data Generated by the Environmental Influences on Child Health Outcomes (ECHO) Program: Ruth L. Kirschstein NRSA Individual Postdoctoral Fellowship (F32),National Institutes of Health,FOR-RFA-OD-25-005,,https://www.grants.gov/search-results-detail/359150,8,2026-04-30
Grants.gov,Early Career Research Program (ECRP),Office of Science,DE-FOA-0003602,06/02/2026,https://www.grants.gov/search-results-detail/361393,4,2026-04-30
Grants.gov,For Funding Opportunity for Maximizing the Scientific Value of Data Generated by the Environmental influences on Child Health Outcomes (ECHO) Program: Dissertation Grant (R36),National Institutes of Health,FOR-RFA-OD-25-004,,https://www.grants.gov/search-results-detail/359149,4,2026-04-30
Grants.gov,National K12 Program for the Career Development of Clinician-Scientists in Diabetes Research (Diabetes-DOCS),National Institutes of Health,RFA-DK-27-107,,https://www.grants.gov/search-results-detail/361066,4,2026-04-30
Grants.gov,NCMRR Early Career Research Award (R03 Clinical Trial Optional),National Institutes of Health,PAR-25-124,01/07/2028,https://www.grants.gov/search-results-detail/357206,4,2026-04-30
Grants.gov,Switzer Research Fellowships Program,Administration for Community Living,HHS-2026-ACL-NIDILRR-SFGE-0209,,https://www.grants.gov/search-results-detail/360497,4,2026-04-30
Grants.gov,Ruth L. Kirschstein National Research Service Award (NRSA) Individual Fellowship for Students at Institutions with NIH-Funded Institutional Predoctoral Dual-Degree Training Programs (Parent F30),National Institutes of Health,PA-25-426,05/07/2028,https://www.grants.gov/search-results-detail/358832,12,2026-05-04
